Company,Value,expenses,employees,Dimension
Dapibus Company,96 008,7124,78,Big
Pede Blandit Congue Company,61 562,8454,60,Big
Pede Suspendisse Associates,54 728,6641,4,Small
Dictum Associates,16 802,6498,89,Big
Dui Cras Pellentesque Ltd,93 954,5040,97,Big
Ligula Industries,67 131,2169,26,Small
Quis Consulting,50 171,1896,1,Small
Ipsum Primis Consulting,59 808,3866,50,Big
Velit Quisque Varius PC,32 458,6488,74,Big
Pede Et Industries,87 795,5070,54,Small
Tortor Integer LLP,24 259,4940,83,Big
Suspendisse Tristique LLC,46 868,6538,85,Big
Velit Cras Lorem Associates,54 467,6746,76,Big
Non Vestibulum Corp.,42 683,441,81,Big
Venenatis Associates,69 313,4222,15,Small
Elit Erat Consulting,70 729,2154,54,Big
Phasellus At LLP,50 704,6201,79,Big
Eleifend Vitae Company,76 979,2783,5,Small
Nec Quam Curabitur Company,93 879,9150,72,Small
Dapibus Gravida Aliquam LLC,44 292,6322,85,Big
Donec Tempus LLP,76 095,3245,98,Big
Ut Industries,53 086,1543,19,Small
Tellus LLC,52 341,4517,39,Small
Aliquam Institute,82 638,1757,46,Big
Pharetra Ut Pharetra Associates,50 931,8194,88,Big
Sociis Natoque Institute,18 942,9154,28,Small
Congue Foundation,93 274,8854,91,Big
Tempor Lorem Eget PC,39 332,2784,64,Big
Non Inc.,81 641,7963,60,Small
Eu Enim Limited,39 547,1847,42,Small
Ipsum Primis Company,38 414,2354,65,Big
Aliquam Corp.,7 108,2708,96,Big
Orci Tincidunt Adipiscing Foundation,3 512,5730,18,Small
Nunc Lectus Corporation,64 802,6044,71,Big
A Arcu Sed Foundation,38 989,3500,85,Big
Etiam Industries,94 376,1589,3,Small
Curabitur Ut Company,19 663,490,98,Big
Parturient Ltd,76 408,2750,91,Big
Sit Inc.,0 700,4621,28,Small
Eget Inc.,87 539,123,61,Small
Vulputate Ullamcorper LLC,57 084,2640,28,Big
Ipsum Dolor Institute,4 533,8109,39,Big
Praesent Eu Associates,14 678,5726,22,Small
Tristique Pellentesque Tellus Associates,57 845,3345,7,Small
Lobortis Tellus Justo Institute,73 097,9832,7,Big
Sit Incorporated,50 811,2473,32,Big
In Tincidunt Congue Foundation,97 949,4712,54,Small
Accumsan Foundation,49 265,8817,57,Big
Nunc Quis Arcu LLC,32 628,7626,5,Big
Molestie Arcu PC,71 333,1602,52,Small
Purus Maecenas Libero Associates,63 720,397,42,Small
Pharetra Company,12 599,5591,27,Big
Per Conubia Nostra Consulting,47 759,6314,74,Big
Pellentesque Massa Foundation,31 081,2143,8,Small
Nisi Aenean LLP,81 471,9904,25,Big
Neque Morbi Quis LLP,33 711,7388,76,Big
Eros Proin Ultrices Foundation,45 248,8842,3,Small
Metus In Lorem Foundation,91 207,9710,47,Small
Ac Mattis Corporation,34 014,1604,71,Big
Ante Lectus Convallis Associates,16 396,223,13,Big
Quam A Felis Inc.,64 656,1163,35,Small
Quam Elementum Company,35 281,8793,78,Small
Quis Urna Nunc PC,47 258,5227,60,Big
Lorem LLP,56 759,7643,48,Big
Nulla Tempor Augue Consulting,30 122,547,36,Small
Laoreet Libero Et Associates,54 799,4976,2,Small
Adipiscing Lobortis Risus Corporation,2 274,1549,32,Big
At Pretium LLC,71 508,5802,50,Big
Malesuada Inc.,96 400,7850,2,Small
Scelerisque Neque Sed LLP,54 690,2358,63,Small
Sagittis Semper Nam Associates,86 689,8589,19,Big
Eu Consulting,32 837,9806,3,Big
Dapibus Gravida Aliquam Inc.,84 278,9552,8,Small
Sodales Purus Foundation,97 506,9110,6,Small
Sed LLP,39 908,3986,84,Big
Risus In Foundation,63 746,7785,44,Big
Ultricies Limited,29 023,1281,53,Small
Ullamcorper Nisl Arcu Company,72 141,7325,28,Small
Natoque Corporation,15 235,3231,48,Big
Nulla Consulting,51 637,9654,79,Big
Enim Associates,79 663,4485,56,Small
Elit Fermentum Risus Institute,72 291,3615,59,Small
Cum Inc.,48 305,7682,81,Big
Nisl Quisque Fringilla Corp.,47 620,8494,26,Big
Interdum Nunc Institute,26 733,5672,27,Small
Lacus Corporation,83 805,1964,81,Small
Lorem Semper Auctor Consulting,48 217,7579,65,Big
Lectus Quis LLP,84 659,2707,79,Big
Sed LLP,99 252,3015,24,Small
Eget Institute,52 530,3655,4,Small